epoch,participant_count,reported_address_count,claimed_zero_reward_count,reported_claimed_zero_reward_count,reported_unclaimed_zero_reward_count,total_inference_count,total_missed_requests,miss_rate,total_rewarded_gnk,case_pattern_reproduced
273,61,6,0,0,1,0,0,n/a,239304.384905834,No
274,55,3,0,0,1,2889,61,0.02067797,224991.453021647,No
275,55,3,0,0,0,0,0,n/a,263607.516076004,No
276,54,3,0,0,0,0,0,n/a,193820.331174280,No
277,56,3,0,0,0,136874,744,0.00540627,265479.872579124,No
278,57,4,0,0,1,68,0,0.00000000,234407.151853392,No
279,57,3,0,0,0,360088,224,0.00062168,264029.659614357,No
280,54,4,0,0,0,5982,180,0.02921130,266519.341381703,No
